"","sample","spot","cage","sample_id","Apo_Sym","treatment","full_treatment","Date_Deployed","Date_Collected","Notes","airbrush_date","airbrush_volume","Initials","surface_area","cre.umol","cre.umol.mgprot","chla.ug.cm2","chlc2.ug.cm2","prot_ug.cm2","prot_mg.cm2","prot_ug","sym.cm2","lipids.mg.cm2","percent_lipids","AFDW.mg.cm2","calice_density","ratio","chl_ug.sym","prot_biomass"
"1",1,"C2","D4","D4-C2-1","SYM","deep","sym_deep","2023.06.21","2023.10.10","","2023.12.4",10,"TL",12.44289694,1.28484894696571,0.0602512608910526,0.208338408,0.185929371,1713.81693100953,1.71381693100953,21324.8474465787,141981.941626529,NA,NA,NA,2.49138123939167,0.71990523938075,1.46735849371616e-06,NA
"2",2,"B2","D1","D1-B2-2","APO","deep","apo_deep","2023.06.21","2023.10.10","","2023.11.27",9.5,"TL",6.604456825,0.310989983869485,0.0260078603216783,0.236644492,0.343818963,1810.52561003338,1.81052561003338,11957.5382220223,29667.4662567728,NA,NA,NA,1.66554196529251,0.374745193102308,7.97656564102357e-06,NA
"3",3,"B3","S2","S2-B3-3","APO","shade","apo_shade","2023.06.23","2023.10.09","",NA,NA,NA,NA,NA,NA,NA,NA,NA,NA,NA,NA,NA,NA,NA,NA,NA,NA,NA
"4",4,"B3","S5","S5-B3-4","APO","shade","apo_shade","2023.06.23","2023.10.09","","2023.11.28",7,"TL",8.930362117,NA,NA,0.54908841,0.282242194,968.001770948994,0.968001770948994,8644.6063444718,194654.294005713,NA,NA,NA,2.01559575795195,0.724836097184728,2.82083892782702e-06,NA
"5",5,"D4","D2","D2-D4-5","SYM","deep","sym_deep","2023.06.23","2023.10.10","","2023.11.16",12.5,"TL",12.11420613,2.44892304040464,0.14813515012949,0.057319068,0.051153785,1364.65244022058,1.36465244022058,16531.6809566396,42886.1160545565,0.00247643136315033,0.510869565,0.0048496780861694,1.32076339368018,0.606495509889262,1.33654136287564e-06,281.390314155568
"6",6,"D1","G4","G4-D1-6","SYM","control","sym_control","2023.06.21","2023.10.09","","2023.11.27",12.5,"TL",12.93314763,1.50491776090344,0.125405167964773,2.944082221,0.689144882,927.882744794854,0.927882744794854,12000.4445217615,1548024.80496389,NA,NA,NA,2.39694163299364,0.91713955153986,1.90183142515515e-06,NA
"7",7,"C1","D5","D5-C1-7","SYM","deep","sym_deep","2023.06.21","2023.10.10","","2023.11.30",11,"HLE",22.26183844,3.41597361317554,0.150464954398726,0.147972206,0.06371666,1019.80731504128,1.01980731504128,22702.7856873791,120235.652303117,0.00103765015015534,0.318785579,0.00321177427429035,1.43743743744463,0.394468624318219,1.23068493550447e-06,317.521478145163
"8",8,"A3","D1","D1-A3-8","APO","deep","apo_deep","2023.06.21","2023.10.10","","2023.11.28",6,"HLE",4.657381616,2.68049719071328,0.282276153613815,0.180627243,0.086958732,2038.91603261882,2.03891603261882,9496.01004688656,2012.93361226683,NA,NA,NA,1.93241626777616,0.285989752630709,8.97333334290095e-05,NA
"9",9,"B1","S1","S1-B1-9","APO","shade","apo_shade","2023.06.21","2023.10.09","","2023.11.16",14,"TL",13.20612813,0.62822197917051,0.0732215556551032,1.024220211,0.339793008,649.67875984231,0.649678759842309,8579.74094581704,115287.386659636,0.000530056950159244,0.442857143,0.00127213668038219,1.43872600757509,0.769213817420528,8.88406130693043e-06,510.698865822441
"10",10,"A3","D4","D4-A3-10","APO","deep","apo_deep","2023.06.21",NA,"",NA,NA,NA,NA,NA,NA,NA,NA,NA,NA,NA,NA,NA,NA,NA,NA,NA,NA,NA
"11",11,"B2","D5","D5-B2-11","APO","deep","apo_deep","2023.06.21","2023.10.10","","2023.11.28",9,"TL",8.337047354,2.5521432869602,0.175372575675226,0.128489734,0.176879168,1745.54522334122,1.74554522334122,14552.6931855442,13156.6363176975,NA,NA,NA,2.51887738048225,0.537463500633574,9.76615381753492e-06,NA
"12",12,"B4","G4","G4-B4-12","APO","control","apo_control","2023.06.23","2023.10.09","","2023.11.16",8.5,"TL",9.415041783,2.45620923380008,0.32981750523774,0.741327919,0.411862219,790.987108932922,0.790987108932922,7447.17668041784,142192.677510712,NA,NA,NA,3.82366863894352,0.857969257892127,5.21354497276523e-06,NA
"13",13,"D2","G1","G1-D2-13","SYM","control","sym_control","2023.06.21","2023.10.09","","2023.12.2",13.5,"TL",15.20334262,6.1221477596282,0.481096313838478,1.351227524,0.366684165,837.013947826915,0.837013947826915,12725.4098265314,495779.131467735,0.00230870282130102,0.4825757575,0.00470620190495977,2.49945034784725,0.857969257892127,2.7254626873861e-06,177.853386813856
"14",14,"A4","G5","G5-A4-14","APO","control","apo_control","2023.06.21","2023.10.09","","2023.11.27",9.5,"TL",5.548746518,3.39856153732376,0.768311228745928,2.287391989,0.462737393,797.192257638928,0.797192257638928,4423.41776375056,843208.458851427,NA,NA,NA,2.70331325306362,0.359952619690375,2.71272419647659e-06,NA
"15",15,"C2","D2","D2-C2-15","SYM","deep","sym_deep","2023.06.21","2023.10.10","","2023.11.28",7.5,"HLE",9.409470752,1.55026856248574,0.083822224894825,0.123964198,0.174936778,1965.54304572192,1.96554304572192,18494.7198005174,59780.1953824491,NA,NA,NA,2.97572528125969,0.438846344554019,2.07366665844646e-06,NA
"16",16,NA,NA,NA,"APO",NA,NA,"2023.06.21",NA,"LOST",NA,NA,NA,NA,NA,NA,NA,NA,NA,NA,NA,NA,NA,NA,NA,NA,NA,NA,NA
"17",17,"B1","G4","G4-B1-17","APO","control","apo_control","2023.06.21","2023.10.09","","2023.11.16",12,"TL",28.84122563,4.17963920307934,0.188306468833407,1.203319181,0.344985339,769.590755884577,0.769590755884577,22195.9406332293,511073.980873676,0.00170589144272784,0.520425532,0.00299571180186353,2.01101023736209,1.22285273538648,2.35449118138031e-06,256.897461032747
"18",18,"B3","S1","S1-B3-18","APO","shade","apo_shade","2023.06.21","2023.10.09","","2023.11.28",7,"HLE",8.211699164,2.06996080945748,0.241723322780478,0.245794643,0.170232734,1042.82284569701,1.04282284569701,8563.34749021023,483761.024443686,NA,NA,NA,2.55732700146442,0.769213817420528,5.08091042023607e-07,NA
"19",19,"B3","G5","G5-B3-19","APO","control","apo_control","2023.06.21","2023.10.09","","2023.11.27",10.5,"TL",16.2005571,4.57758945020809,0.316750266147067,0.686878385,0.232029058,892.051446744611,0.892051446744611,14451.7303991237,175804.139476167,0.000648125859819969,0.338235294,0.0020091901654419,2.03696698800562,0.857969257892127,3.90706605115585e-06,443.985572937748
"20",22,"D1","G1","G1-D1-22","SYM","control","sym_control","2023.06.21","2023.10.09","","2023.12.4",12,"TL",15.03342618,0.78122019687503,0.0398713009820416,1.231575542,0.252716843,1303.33208429456,1.30333208429456,19593.5466772679,644563.646635075,0.000478932740533802,0.1825396825,0.00255430794951361,2.06207152174276,0.838245826676216,1.91071207386486e-06,510.248611387182
"21",23,"D3","D2","D2-D3-23","SYM","deep","sym_deep","2023.06.21","2023.10.10","","2023.12.2",6,"TL",5.598885794,4.6467253300172,0.30825321251491,0.060101244,0.028934328,2692.38883968806,2.69238883968806,15074.3776264536,71442.7860715889,NA,NA,NA,2.32189054721054,0.41419205553413,8.41250003041257e-07,NA
"22",24,"B3","G1","G1-B3-24","APO","control","apo_control","2023.06.23","2023.10.09","","2023.12.2",7.5,"TL",7.011142061,1.86381317317721,0.295196436203628,0.672973456,0.193727354,900.538946410721,0.900538946410721,6313.80648474883,244508.768982994,NA,NA,NA,1.71156138266701,0.443777202357997,2.7523489599132e-06,NA
"23",25,"D3","G5","G5-D3-25","SYM","control","sym_control","2023.06.21","2023.10.09","","2023.11.17",8,"TL",7.637883008,3.39058951426699,0.342169312141918,2.574840871,0.402598468,1297.36194857473,1.29736194857473,9909.09878224471,956416.849059964,NA,NA,NA,2.22574762957144,0.56704864745744,2.69217431032373e-06,NA
"24",26,"B1","G1","G1-B1-26","APO","control","apo_control","2023.06.21","2023.10.09","","2023.12.2",5.5,"TL",4.590529248,1.67090088489308,0.412007731045553,0.68271812,0.346915337,883.45119978106,0.88345119978106,4055.50857177565,115818.163432166,NA,NA,NA,1.96055825238912,0.433915486750041,5.8947413753445e-06,NA
"25",29,"A2","S1","S1-A2-29",NA,"shade",NA,NA,"2023.10.09","","2023.11.16",14.5,"TL",14.83008357,NA,NA,0.454699056,0.315639658,541.932192719095,0.541932192719095,8036.89970729753,27499.0021516109,NA,NA,NA,1.34861006720544,0.818522395460305,1.65351111103267e-05,NA
"26",30,"B2","D2","D2-B2-30","APO","deep","apo_deep","2023.06.21","2023.10.10","","2023.11.16",8,"TL",8.721448468,6.16326787805908,0.246572064071879,0.042217758,0.048248866,2866.01562939043,2.86601562939043,24995.8076202112,2866.49632704107,NA,NA,NA,2.52251676779614,0.601564652085285,1.47280000332598e-05,NA
"27",31,"A4","S5","S5-A4-31","APO","shade","apo_shade","2023.06.21","2023.10.09","","2023.11.28",9.5,"TL",11.22284123,2.13022301536536,0.347635823872642,0.141067219,0.125893922,546.006395178446,0.546006395178447,6127.74308365234,2909.80236918134,NA,NA,NA,1.87118391587546,0.498016638201752,4.8480000048831e-05,NA
"28",32,"B4","D1","D1-B4-32","APO","deep","apo_deep","2023.06.23","2023.10.10","","2023.11.28",8.5,"TL",4.601671309,4.17564742146298,0.319886944676003,0.217887321,0.386055387,2836.68890997022,2.83668890997022,13053.5099695684,2886.17963087115,NA,NA,NA,3.042372881483,0.364883477494353,7.54933333564668e-05,NA
"29",33,"D2","G5","G5-D2-33","SYM","control","sym_control","2023.06.21","2023.10.09","","2023.11.27",9,"TL",11.58495822,0.901482626803816,0.128138988801862,1.087222307,0.298745143,607.269678746698,0.607269678746698,7035.19385655332,675390.869040182,NA,NA,NA,1.46742005255156,0.522670927221641,1.6097675536317e-06,NA
"30",34,"D4","G2","G2-D4-34","SYM","control","sym_control","2023.06.21","2023.10.09","","2023.11.30",5,"HLE",6.487465181,1.44482896105887,0.383116651152887,0.508120903,0.080385788,581.313448746491,0.58131344874649,3771.25075798989,322737.762991317,NA,NA,NA,1.69557750108871,0.355021761886397,1.57440795985709e-06,NA
"31",36,"C1","D2","D2-C1-36","SYM","deep","sym_deep","2023.06.21","2023.10.10","","2023.11.27",12,"TL",11.91643454,5.99212933972164,0.259170750048131,0.139580341,0.136173282,1940.21055010798,1.94021055010798,23120.3920141792,33567.0874217717,NA,NA,NA,1.5944366526936,0.80866067985235,4.15824999190927e-06,NA
"32",39,"A1","D5","D5-A1-39","APO","deep","apo_deep","2023.06.21","2023.10.10","","2023.11.30",10.5,"HLE",17.31754875,13.3993187871468,0.378276153682639,0.023100844,-0.007336489,2045.44278675906,2.04544278675906,35422.0551750359,17621.2150117377,0.000606321376747965,0.2367724865,0.00248591764466666,1.96332636280293,0.675527519144951,1.31096771616556e-06,NA
"33",40,"D4","G4","G4-D4-40","SYM","control","sym_control","2023.06.23","2023.10.09","","2023.11.16",12.5,"TL",7.543175487,2.22977895766329,0.304718378144426,1.278390648,0.262323209,970.083132279788,0.970083132279788,7317.50730376507,722921.667326709,NA,NA,NA,1.98855243734568,0.586772078673351,1.76836676195826e-06,NA
"34",41,"C4","G5","G5-C4-41","SYM","control","sym_control","2023.06.21","2023.10.09","","2023.11.27",12,"TL",13.07799443,3.20866234416382,0.242528753248056,NA,0.699992652,1011.62519074194,1.01162519074194,13230.0286097708,NA,NA,NA,NA,1.91160809356607,0.710043523772795,NA,NA
"35",42,"C2","G4","G4-C2-42","SYM","control","sym_control","2023.06.21","2023.10.09","","2023.11.16",6.5,"TL",10.68802228,2.12371902204685,0.336443738490955,1.148439394,0.302953616,590.591587433142,0.590591587433142,6312.25604486599,NA,NA,NA,NA,1.77769090503805,0.438846344554019,NA,NA
"36",43,"A2","S4","S4-A2-43","APO","shade","apo_shade","2023.06.21","2023.10.09","","2023.11.30",10,"HLE",8.509749304,1.93216685290939,0.248520764825971,0.371701118,0.724492553,913.619120055435,0.913619120055435,7774.66967101283,2937.8068738463,NA,NA,NA,3.99541734843097,0.803729822048372,NA,NA
"37",44,"A2","S2","S2-A2-44","APO","shade","apo_shade","2023.06.23","2023.10.09","","2023.11.16",10,"TL",5.186629526,2.48508423090295,0.398976968256568,0.267241631,0.260718448,1200.90335915228,1.20090335915228,6228.64082045177,2410.0429647691,NA,NA,NA,2.89205155772292,0.493085780397774,NA,NA
"38",45,"C3","S5","S5-C3-45","SYM","shade","sym_shade","2023.06.21","2023.10.09","","2023.11.28",10,"TL",16.36211699,NA,NA,0.194341193,0.088909644,1217.52493461571,1.21752493461571,19921.2854184243,189080.056198767,0.000385952502592392,0.1385281385,0.00276645131113929,2.87248893457521,0.685389234752906,1.02782491663585e-06,440.103510845562
"39",46,"A2","G4","G4-A2-46","APO","control","apo_control","2023.06.21",NA,"",NA,NA,NA,NA,NA,NA,NA,NA,NA,NA,NA,NA,NA,NA,NA,NA,NA,NA,NA
"40",47,"C3","S4","S4-C3-47","SYM","shade","sym_shade","2023.06.21","2023.10.09","","2023.11.28",10,"TL",9.242339833,1.36576368520867,0.11370241577995,0.729324694,0.301709313,1299.64259239613,1.29964259239613,12011.7385003662,331806.309052865,NA,NA,NA,NA,0.843176684480194,2.19804347928719e-06,NA
"41",49,"C1","G5","G5-C1-49","SYM","control","sym_control","2023.06.21","2023.10.09","","2023.11.27",14,"TL",26.03342618,3.04487549469358,0.193746802512692,1.414689577,0.586935807,603.675662013721,0.60367566201372,15715.7457836968,584152.846223639,0.00112931735518494,0.4833333335,0.00215108067654274,1.5748983524688,1.32146989146603,2.42177982380042e-06,280.638317566015
"42",50,"C2","G1","G1-C2-50","SYM","control","sym_control","2023.06.21","2023.10.09","","2023.11.28",10,"HLE",10.75208914,3.69880530454734,0.294231946612586,0.841441127,0.482952655,1169.17303496581,1.16917303496581,12571.0526920367,588257.771828703,NA,NA,NA,2.0461139889694,0.512809211613685,1.4303952574808e-06,NA
"43",51,"A4","S4","S4-A4-51","APO","shade","apo_shade","2023.06.21","2023.10.09","","2023.11.16",10,"TL",NA,NA,NA,NA,NA,NA,NA,12729.3491613775,NA,NA,NA,NA,NA,0.996033276403504,NA,NA
"44",53,"B4","D5","D5-B4-53","APO","deep","apo_deep","2023.06.23","2023.10.10","","2023.12.2",12.5,"TL",17.67688022,3.40978555703978,0.140388519542101,0.324759182,0.118675494,1374.00987346482,1.37400987346482,24288.2079543351,4198.63398271078,0.00134356287446745,0.345238095,0.00388926095240577,0.791994957580812,0.695250950360862,7.73487718475342e-05,353.283024790327
"45",54,"D2","D1","D1-D2-54","SYM","deep","sym_deep","2023.06.21","2023.10.10","","2023.11.17",5.5,"TL",6.08356546,2.87248474780103,0.332990781643228,0.084666632,0.033880214,1417.97095481389,1.41797095481389,8626.31912398902,27969.8231438115,NA,NA,NA,1.31501831493402,0.41419205553413,3.02707069560907e-06,NA
"46",55,"D4","S1","S1-D4-55","SYM","shade","sym_shade","2023.06.21","2023.10.09","","2023.11.28",7,"HLE",15.35933148,1.10707542436626,0.120014692950406,1.44083528,0.287839676,600.579464618512,0.600579464618512,9224.49907715665,531517.274083859,NA,NA,NA,3.25535001735635,1.01082584981544,2.71079671396094e-06,NA
"47",56,"C3","G5","G5-C3-56","SYM","control","sym_control","2023.06.21","2023.10.09","","2023.11.16",11,"TL",10.23955432,5.98231939444808,0.627917170160144,NA,NA,930.435309146635,0.930435309146635,9527.24288925297,NA,NA,NA,NA,2.83215451510003,0.581841220869374,NA,NA
"48",57,"C4","G2","G2-C4-57","SYM","control","sym_control","2023.06.21","2023.10.09","","2023.11.28",11.5,"TL",9.752089136,6.61094214104101,0.576305840629492,2.568136904,0.769686361,1176.2853091375,1.1762853091375,11471.2391840762,941176.538893358,NA,NA,NA,3.17880605557254,0.685389234752906,2.72864526247077e-06,NA
"49",60,"A2","D4","D4-A2-60","APO","deep","apo_deep","2023.06.21","2023.10.10","","2023.12.4",7.5,"TL",7.724233983,2.01552830738276,0.120163285261533,0.081165006,0.061243937,2171.50926983216,2.17150926983216,16773.2456964371,13957.6947354625,NA,NA,NA,1.94194013710783,0.488154922593797,5.81507244128094e-06,NA
"50",61,"D1","S1","S1-D1-61","SYM","shade","sym_shade","2023.06.21","2023.10.09","","2023.11.16",10.5,"TL",150.7827298,4.74751040051831,0.255602943438391,0.045936958,0.061863434,123.182346449043,0.123182346449043,18573.7704607561,26887.4735981203,NA,NA,NA,NA,1.00096413420748,1.70848919041659e-06,NA
"51",62,"A3","S2","S2-A3-62","APO","shade","apo_shade","2023.06.23","2023.10.09","","2023.11.16",12,"TL",4.988857939,1.655099369899,0.264985982770533,0.449241094,0.234582747,1251.98762098047,1.25198762098047,6245.98838245812,117261.306526051,NA,NA,NA,2.00446677822309,0.399399482122197,3.83111110825118e-06,NA
"52",63,"B2","S5","S5-B2-63","APO","shade","apo_shade","2023.06.21","2023.10.09","","2023.11.16",13.5,"TL",6.933147632,9.6540760839334,NA,1.055981408,0.493558292,881.98745958318,0.88198745958318,6114.94926686282,211754.469676061,NA,NA,NA,3.31739654494638,0.409261197730153,4.98681992222136e-06,NA
"53",64,"B3","D5","D5-B3-64","APO","deep","apo_deep","2023.06.21","2023.10.10","","2023.12.4",8,"TL",11.12256267,6.22799966865345,0.392242520393371,0.052505885,0.080017531,1427.54250592014,1.42754250592014,15877.9309861856,0,NA,NA,NA,2.51740546048099,0.542394358437552,NA,NA
"54",65,"C1","D4","D4-C1-65","SYM","deep","sym_deep","2023.06.21","2023.10.10","","2023.12.2",11.5,"TL",14.22005571,NA,0.789062275004649,0.280698912,0.092052206,1726.71016351378,1.72671016351378,24553.9147201891,38077.0894529076,0.00153656219396063,0.4039855075,0.00380096963769209,1.96904995107083,0.867830973500083,7.37185840706545e-06,454.281493435507
"55",67,"B4","G5","G5-B4-67","APO","control","apo_control","2023.06.21","2023.10.09","","2023.11.17",6,"TL",10.28133705,6.71814262903697,0.846624763317796,0.174140775,0.101601571,771.806898324283,0.771806898324283,7935.20685918703,25714.0679966328,NA,NA,NA,2.33432674011986,0.581841220869374,6.77219858883485e-06,NA
"56",68,"A2","D1","D1-A2-68",NA,"deep",NA,NA,"2023.10.10","","2023.11.16",12.5,"TL",14.90529248,NA,NA,0.030162664,0.065580733,1610.03199318258,1.61003199318258,23997.9977605437,6027.64086116075,NA,NA,NA,2.48233974943107,0.759352101812572,5.00405792162467e-06,NA
"57",70,"B4","D4","D4-B4-70","APO","deep","apo_deep","2023.06.21","2023.10.10","","2023.12.4",10.5,"TL",13.55988858,8.5282515449206,0.658819432998896,0.03563912,0.040730423,954.635278500201,0.954635278500201,12944.748011,2581.14215246008,NA,NA,NA,3.02362366461274,0.749490386204617,1.38074998953593e-05,NA
"58",71,"B2","D4","D4-B2-71","APO","deep","apo_deep","2023.06.23",NA,"",NA,NA,NA,NA,NA,NA,NA,NA,NA,NA,NA,NA,NA,NA,NA,NA,NA,NA,NA
"59",72,"C3","G4","G4-C3-72","SYM","control","sym_control","2023.06.21","2023.10.09","","2023.11.17",8.5,"TL",7.17270195,7.68330132429529,NA,0.946172383,0.257096282,496.134362736623,0.496134362736623,3558.62391106298,87397.3300953903,NA,NA,NA,1.67300970870538,0.744559528400639,1.082610168946e-05,NA
"60",73,"A2","G2","G2-A2-73","APO","control","apo_control","2023.06.21","2023.10.09","","2023.11.28",9,"TL",9.153203343,2.18802696486688,0.172212724332464,1.423419705,0.341044537,1388.07944194254,1.38807944194254,12705.373388338,1339694.91777738,NA,NA,NA,3.49604382213057,0.690320092556884,1.06249541303144e-06,NA
"61",74,"C1","S5","S5-C1-74","SYM","shade","sym_shade","2023.06.23","2023.10.09","","2023.11.27",10,"TL",5.621169916,11.008103325828,NA,2.209207962,0.454309341,1184.10248882996,1.18410248882996,6656.04128767172,680957.493760272,NA,NA,NA,1.95688800807992,0.498016638201752,3.2442670537344e-06,NA
"62",75,NA,NA,NA,"APO",NA,NA,"2023.06.23",NA,"LOST",NA,NA,NA,NA,NA,NA,NA,NA,NA,NA,NA,NA,NA,NA,NA,NA,NA,NA,NA
"63",77,NA,NA,NA,"APO",NA,NA,"2023.06.23",NA,"LOST",NA,NA,NA,NA,NA,NA,NA,NA,NA,NA,NA,NA,NA,NA,NA,NA,NA,NA,NA
"64",78,"D4","G1","G1-D4-78","SYM","control","sym_control","2023.06.21","2023.10.09","","2023.30.23",11.5,"HLE",19.56545961,1.5861368961532,0.19270491454169,1.229077099,0.189115159,420.685770778661,0.420685770778661,8230.91045667161,NA,0.000940432801823662,0.395989975,0.00235108200455916,2.45330296127912,0.76428295961655,NA,178.9328360146
"65",79,"A1","D2","D2-A1-79","APO","deep","apo_deep","2023.06.21","2023.10.10","","2023.11.17",10.5,"TL",13.37047354,1.16501036481126,0.0558289747015356,0.043624109,0.038931867,1560.71407935363,1.56071407935363,20867.4863015032,1717.87109344221,0.00188474999966232,0.4436813185,0.00424068749924021,2.39333333290453,0.675527519144951,2.53942855005422e-05,368.033268104112
"66",80,NA,NA,NA,"APO",NA,NA,"2023.06.21",NA,"LOST",NA,NA,NA,NA,NA,NA,NA,NA,NA,NA,NA,NA,NA,NA,NA,NA,NA,NA,NA
"67",81,"D2","S2","S2-D2-81","SYM","shade","sym_shade","2023.06.21","2023.10.09","","2023.12.2",11.5,"TL",23.72423398,3.88141830431183,0.196547075106493,0.606061893,0.144209082,832.399222147817,0.832399222147817,19748.0339110048,NA,0.000678630973441445,0.40625,0.00164810379264351,2.40260655193555,1.07985785907113,NA,505.064805908051
"68",82,"D3","G1","G1-D3-82","SYM","control","sym_control","2023.06.21","2023.10.09","","2023.12.4",7.5,"TL",11.57938719,0.862493287420583,0.102588895011691,1.985008975,0.211296804,726.055459915913,0.726055459915913,8407.27729177988,694256.299413026,NA,NA,NA,1.72720712001686,0.488154922593797,2.85918756038407e-06,NA
"69",83,"A1","S5","S5-A1-83","APO","shade","apo_shade","2023.06.21","2023.10.09","","2023.11.16",6.5,"TL",7.490250696,1.26467421770076,0.161129891844039,0.985344746,0.309260343,1047.86707759435,1.04786707759435,7848.7871072666,479456.582396878,NA,NA,NA,1.73558943854074,0.956586413971682,2.05512820592452e-06,NA
"70",84,"C1","G2","G2-C1-84","SYM","control","sym_control","2023.06.21","2023.10.09","","2023.11.28",5,"HLE",6.498607242,5.73331008793574,0.802947800953989,0.844302704,0.283503054,1098.7473183963,1.0987473183963,7140.32728045827,556369.21348816,NA,NA,NA,2.61594513515608,0.695250950360862,1.51752232785606e-06,NA
"71",86,"C3","S2","S2-C3-86","SYM","shade","sym_shade","2023.06.21","2023.10.09","","2023.12.4",6,"TL",7.114206128,8.34452886772046,0.858420764225031,0.66084675,0.375916856,1366.39153525387,1.36639153525387,9720.79103335038,422745.693038485,NA,NA,NA,2.81127642918361,0.596633794281307,1.56322526966547e-06,NA
"72",87,"D2","D5","D5-D2-87","SYM","deep","sym_deep","2023.06.21","2023.10.10","","2023.12.2",12,"TL",17.2729805,2.0434901134652,0.0966424407246925,0.085283487,0.004046783,1224.15769975581,1.22415769975581,21144.8520768069,245759.554930314,0.00131998064838897,0.3733766235,0.00347363328523413,1.7947105307043,0.665665803536995,3.47020025423559e-07,352.414201280116
"73",88,"D2","S5","S5-D2-88","SYM","shade","sym_shade","2023.06.21","2023.10.09","","2023.11.16",11,"TL",17.5264624,1.38366510430653,0.143570618544623,1.118433537,0.376039947,549.884086299907,0.549884086299907,9637.52276289367,604086.538307925,NA,NA,NA,1.36935791446424,0.833314968872238,1.85144588742663e-06,NA
"74",89,"A1","S1","S1-A1-89","APO","shade","apo_shade","2023.06.21","2023.10.09","","2023.11.27",10.5,"TL",13.37604457,2.24117638344263,0.183751221563461,0.481758637,0.339466946,911.838857110289,0.911838857110289,12196.7971933651,269075.558777089,NA,NA,NA,1.79425239460009,0.498016638201752,1.79042139386248e-06,NA
"75",90,"D4","D4","D4-D4-90","SYM","deep","sym_deep","2023.06.23","2023.10.10","","2023.12.4",10.5,"TL",8.941504178,7.2680044967865,0.265259606728185,0.33859935,0.234507523,3064.31552940086,3.06431552940086,27399.5901088481,202933.557249186,NA,NA,NA,1.67757009350916,0.848107542284172,1.66852320823523e-06,NA
"76",91,"B1","D2","D2-B1-91","APO","deep","apo_deep","2023.06.21","2023.10.10","","2023.11.27",8,"TL",5.225626741,10.5326637431789,NA,0.140920896,0.161052452,1245.9751840506,1.2459751840506,6511.0012403972,3348.88059698101,NA,NA,NA,1.53091684433418,0.433915486750041,4.20800001430445e-05,NA
"77",92,NA,NA,NA,"APO",NA,NA,"2023.06.21",NA,"LOST",NA,NA,NA,NA,NA,NA,NA,NA,NA,NA,NA,NA,NA,NA,NA,NA,NA,NA,NA
"78",94,"B3","D1","D1-B3-94","APO","deep","apo_deep","2023.06.21","2023.10.10","",NA,NA,NA,NA,NA,NA,NA,NA,NA,NA,NA,NA,NA,NA,NA,NA,NA,NA,NA
"79",95,"D3","D1","D1-D3-95","SYM","deep","sym_deep","2023.06.21","2023.10.10","","2023.11.16",10.5,"TL",12.88022284,0.0180439502173069,0.000867455827577329,0.166043323,0.148183578,1614.95666983197,1.61495666983197,20801.0017843801,196922.54408232,0.00187496756073205,0.44887218,0.00440209775128394,1.86332179948526,0.670596661340973,8.43191031142623e-07,366.860701664551
"80",96,"D2","S1","S1-D2-96","SYM","shade","sym_shade","2023.06.21","2023.10.09","","2023.11.16",7.5,"TL",8.760445682,4.75651506536302,0.367737010033711,0.199754392,0.109198211,1476.4724061358,1.4764724061358,12934.5563149246,117716.61367856,NA,NA,NA,2.16883942777467,0.54732521624153,1.69690909174005e-06,NA
"81",97,"C4","S2","S2-C4-97","SYM","shade","sym_shade","2023.06.21","2023.10.09","","2023.12.4",6,"TL",6.181058496,8.09369317916729,1.16711721887798,0.615266787,0.370082244,1121.93941821476,1.12193941821476,6934.77317295366,33368.0712022823,NA,NA,NA,3.39747634059602,0.355021761886397,1.84387878840871e-05,NA
"82",98,"A3","S5","S5-A3-98","APO","shade","apo_shade","2023.06.21","2023.10.09","",NA,NA,NA,NA,NA,NA,NA,NA,NA,NA,NA,NA,NA,NA,NA,NA,NA,NA,NA
"83",99,"D1","G5","G5-D1-99","SYM","control","sym_control","2023.06.21","2023.10.09","","2023.11.27",10.5,"TL",6.080779944,3.9545459657373,0.68079201436153,1.917759746,0.35817157,955.262848946178,0.955262848946178,5808.74317312022,583858.079505598,NA,NA,NA,2.13788364646007,0.522670927221641,3.28463339519756e-06,NA
"84",100,"B4","D2","D2-B4-100","APO","deep","apo_deep","2023.06.23","2023.10.10","","2023.11.27",11.5,"TL",8.947075209,9.91428632980984,0.345027296714071,0,0,3211.6404111616,3.2116404111616,28734.7883029265,14058.3651150573,NA,NA,NA,1.78829389786568,0.552256074045507,0,NA
"85",102,"D4","S2","S2-D4-102","SYM","shade","sym_shade","2023.06.23","2023.10.09","","2023.11.28",9,"HLE",20.9275766,2.56428049769664,0.326576580424894,0.748406053,0.157378471,375.1988960992,0.3751988960992,7852.00363835145,303726.041552274,0.00154819645959389,0.5450367645,0.00283836017592214,1.38573139901923,0.927001267147815,2.46408259619448e-06,132.18861344026
"86",103,"B3","D2","D2-B3-103","APO","deep","apo_deep","2023.06.21","2023.10.10","","2023.11.17",7.5,"TL",8.116991643,4.36205571642859,0.297067232429052,0.059635703,0.063870646,1809.01163225942,1.80901163225942,14683.7323011395,2598.71525409183,NA,NA,NA,2.58716540851809,0.552256074045507,2.29481482844648e-05,NA
"87",104,"B2","S2","S2-B2-104","APO","shade","apo_shade","2023.06.23","2023.10.09","","2023.11.28",9,"HLE",13.31476323,3.77800157134104,0.369434292515369,0.31795158,0.065617014,768.05351336783,0.76805351336783,10226.4506784623,1478.6218620577,0.00141947698757539,0.51,0.00277135983288529,1.87761506293041,0.488154922593797,NA,277.139584782176
"88",105,"C2","S4","S4-C2-105","SYM","shade","sym_shade","2023.06.21","2023.10.09","","2023.11.28",9.5,"TL",8.100278552,1.18217199895202,0.138040897819894,0.526821389,0.22684868,1057.2384260405,1.0572384260405,8563.92574680607,334247.764767485,NA,NA,NA,3.20976616212543,0.586772078673351,1.57614035015754e-06,NA
"89",106,"B1","G2","G2-B1-106","APO","control","apo_control","2023.06.23","2023.10.09","","2023.11.28",9,"TL",5.690807799,2.4429083903322,0.381773510163011,2.018307489,0.634655066,1124.41717868736,1.12441717868736,6398.84204980361,770980.176271457,NA,NA,NA,2.63582966246652,0.532532642829596,2.61784615365956e-06,NA
"90",107,"A1","G5","G5-A1-107","APO","control","apo_control","2023.06.23","2023.10.09","","2023.11.27",10,"TL",5.114206128,1.94565264261655,0.622403697121762,0.476939452,0.155204929,611.244432299817,0.611244432299817,3126.0300213736,141150.939546174,NA,NA,NA,1.56427015254634,0.404330339926175,3.3789321809224e-06,NA
"91",108,"B1","D5","D5-B1-108","APO","deep","apo_deep","2023.06.21","2023.10.10","","2023.11.28",12.5,"TL",21.60167131,3.66264411404903,0.129218614174027,0.07041797,0.029497139,1312.14638786165,1.31214638786165,28344.5549811911,34357.873951004,0.00173597678910336,0.382894737,0.00451353965166874,2.45351386193275,1.28202302903421,2.04954387167318e-06,290.713384422473
"92",109,"B3","G2","G2-B3-109","APO","control","apo_control","2023.06.21","2023.10.09","","2023.11.30",7.5,"HLE",6.206128134,3.95748202521379,0.408764748997618,2.897227081,0.677415114,1560.0006414519,1.5600006414519,9681.5638699727,1206468.80600645,NA,NA,NA,1.93357271085953,0.493085780397774,2.40141068428462e-06,NA
"93",110,"C4","D4","D4-C4-110","SYM","deep","sym_deep","2023.06.23","2023.10.10","","2023.11.28",10,"HLE",12.67688022,3.8471489913261,0.2036351902948,0.24121997,0.206182432,1490.30029785275,1.49030029785275,18892.3583677096,41167.4632041289,NA,NA,NA,2.05097780753505,0.631149798909151,5.85948103734035e-06,NA
"94",114,"C3","D1","D1-C3-114","SYM","deep","sym_deep","2023.06.21","2023.10.10","","2023.11.17",9.5,"TL",10.28969359,5.30747507037225,0.183678102566196,0.179257443,0.170617325,2808.200654003,2.808200654003,28895.5242689285,13848.808883725,NA,NA,NA,1.94369247490877,0.71990523938075,1.2943888857522e-05,NA
"95",116,"A4","S1","S1-A4-116","APO","shade","apo_shade","2023.06.23","2023.10.09","","2023.11.28",6.5,"TL",8.849582173,3.98206084369349,1.27245087902149,0.14456756,0.052828765,353.625927207022,0.353625927207022,3129.44170132185,3902.02038073103,NA,NA,NA,1.35599622280608,0.463500633573908,3.70494118159669e-05,NA
"96",117,"A3","G5","G5-A3-117","APO","control","apo_control","2023.06.21","2023.10.09","","2023.11.17",8,"TL",5.760445682,2.81879203068341,0.384117220749911,0.730406448,0.203664797,1273.9229784046,1.2739229784046,7338.36412015137,275276.31942698,NA,NA,NA,2.43036750502598,0.488154922593797,2.6533573593269e-06,NA
"97",118,"C1","G1","G1-C1-118","SYM","control","sym_control","2023.06.23","2023.10.09","","2023.11.28",7,"TL",6.512534819,3.17444698647388,0.395614865624682,0.262173902,0.085316243,1232.0984697458,1.2320984697458,8024.08418465617,56877.495013052,NA,NA,NA,3.07100085540441,0.389537766514242,4.60944881520956e-06,NA
"98",119,"D3","D4","D4-D3-119","SYM","deep","sym_deep","2023.06.21","2023.10.10","","2023.11.28",13,"TL",19.61281337,5.00129368872393,0.238079321468538,0.169403284,-0.009246506,1071.07722894836,1.07107722894836,21006.837796221,97560.5826610688,NA,0.640316206,0.00523637267446246,1.73356057382399,1.10451214809101,1.73639065470239e-06,204.545645532823
"99",120,"B1","S2","S2-B1-120","APO","shade","apo_shade","2023.06.23","2023.10.09","","2023.11.28",11.5,"TL",13.46239554,1.4465589726841,0.17705241434947,0.216042221,0.084504834,606.892742019697,0.606892742019697,8170.23014342434,43512.4081935866,NA,NA,NA,2.22842954739094,0.660734945733017,4.96507157312068e-06,NA
"100",121,"C2","D5","D5-C2-121","SYM","deep","sym_deep","2023.06.21","2023.10.10","","2023.11.30",8.5,"HLE",11.35654596,5.7919193178661,0.318274374468498,0.440354328,0.22908704,1602.41339750568,1.60241339750568,18197.881395693,246370.39085694,NA,NA,NA,2.11331861681648,0.857969257892127,1.78736708769399e-06,NA
"101",122,"B1","S4","S4-B1-122","APO","shade","apo_shade","2023.06.23","2023.10.09","","2023.11.30",6.5,"HLE",12.39832869,1.57147593353865,0.21346465847616,0.11733033,0.068455799,593.770484769668,0.593770484769668,7361.76163659498,1638.32565726244,NA,NA,NA,2.01640080893839,0.606495509889262,7.16159998348882e-05,NA
"102",123,"D1","D4","D4-D1-123","SYM","deep","sym_deep","2023.06.21","2023.10.10","","2023.12.2",8.5,"TL",8.922005571,1.83721148624144,0.0978231909899459,0.123485875,0.110203641,2105.01326280383,2.10501326280383,18780.9400577647,258122.316969354,NA,NA,NA,2.35373087731061,0.690320092556884,4.78400614289624e-07,NA
"103",124,"A2","G1","G1-A2-124","APO","control","apo_control","2023.06.21","2023.10.09","","2023.12.4",7.5,"TL",11.88300836,1.18615224039242,0.0761809616771967,0.360993392,0.125757296,1310.29046330214,1.31029046330214,15570.1925294476,263900.975661688,NA,NA,NA,3.02953586409831,0.685389234752906,1.36791230534434e-06,NA
"104",125,"C3","G1","G1-C3-125","SYM","control","sym_control","2023.06.21","2023.10.09","","2023.11.28",12,"HLE",9.880222841,4.43856636545681,0.335813257911058,1.965178348,0.40997051,1337.7597960013,1.3377597960013,13217.3648922235,577669.157047305,NA,NA,NA,2.53030730200309,0.729766954988706,3.40190976794538e-06,NA
"105",126,"A4","G1","G1-A4-126","APO","control","apo_control","2023.06.21","2023.10.09","","2023.11.30",6,"HLE",5.506963788,2.19500876125552,0.453021893971049,0.043254325,-0.0869717,879.842316779753,0.879842316779753,4845.25977765612,2723.82397586959,NA,NA,NA,1.63429438552175,0.50294749600573,1.58800000966255e-05,NA
"106",127,"B1","G5","G5-B1-127","APO","control","apo_control","2023.06.21","2023.10.09","","2023.11.27",11,"TL",18.64623955,2.60008333589236,0.164123707188189,0.321502716,0.082944338,849.619928118546,0.849619928118546,15842.2167061522,96601.2474080866,0.00153382133289176,0.4793956045,0.0031856289221598,1.44801314643627,0.927001267147815,3.32814248911124e-06,266.703984952057
"107",128,"C3","D2","D2-C3-128","SYM","deep","sym_deep","2023.06.21","2023.10.10","","2023.11.27",13.5,"TL",13.2729805,2.40816127427635,0.134183182658948,0.257234048,0.100617002,1352.13178891773,1.35213178891773,17946.8188677351,121416.77598336,0.00101710388258312,0.2316017315,0.0043735466951074,1.5068205667898,0.631149798909151,2.11860384132794e-06,309.161393070373
"108",131,"A4","D1","D1-A4-131","APO","deep","apo_deep","2023.06.23","2023.10.10","","2023.11.27",12.5,"TL",10.84958217,9.76496395653892,0.412692152086413,0.054869625,-0.017425786,2180.87824880676,2.18087824880676,23661.6177631947,55085.6466761061,0.00149775353053988,0.350877193,0.00426283697153657,1.84338896066446,0.601564652085285,9.96078439863359e-07,511.602546231236
"109",132,"D4","S4","S4-D4-132","SYM","shade","sym_shade","2023.06.21","2023.10.09","","2023.11.16",12.5,"TL",14.32311978,7.47237970632172,0.407900761660958,1.495207887,0.268185288,1278.98894963687,1.27898894963687,18319.1119229453,646899.917219012,NA,NA,NA,3.42104239527626,0.690320092556884,2.31134345081975e-06,NA
"110",133,"B4","S5","S5-B4-133","APO","shade","apo_shade","2023.06.23","2023.10.09","","2023.11.28",12.5,"TL",13.43175487,1.87577697785034,0.154357681774684,0.549017675,0.221815766,904.732510568788,0.904732510568788,12152.1453048797,149676.39639853,0.00102369348853371,0.3470588235,0.00297801742118899,2.30796350142146,0.759352101812572,3.668031087134e-06,303.803632621991
"111",134,"C4","G4","G4-C4-134","SYM","control","sym_control","2023.06.23","2023.10.09","","2023.11.28",7,"HLE",11.21169916,1.59795816970688,0.184299092013163,0.895226334,0.331200913,773.340535696654,0.773340535696654,8670.46143446412,636834.782855519,NA,NA,NA,1.96223602560524,0.45856977576993,1.4057434645543e-06,NA
"112",136,"D1","D5","D5-D1-136","SYM","deep","sym_deep","2023.06.21","2023.10.10","","2023.12.2",7,"TL",10.1448468,4.02405173802496,0.338403953211485,0.019716907,-0.0062618,1172.148497171,1.172148497171,11891.26693065,1293.76029611408,NA,NA,NA,1.57715540859621,0.498016638201752,1.5240000067417e-05,NA
"113",137,"B1","D4","D4-B1-137","APO","deep","apo_deep","2023.06.23","2023.10.10","","2023.12.4",10,"TL",16.7632312,3.42908951040414,0.100359773944352,0.049866082,0.037626994,2038.26859222042,2.03826859222042,34167.9676590893,745.67962768419,0.00143170488515364,0.423125,0.00340029910223991,1.90893984687153,0.754421244008595,6.68733329283327e-05,599.438029106831
"114",138,"D3","G4","G4-D3-138","SYM","control","sym_control","2023.06.21","2023.10.09","","2023.11.16",14,"TL",25.17548747,1.74214820898192,0.251841845863118,0.907155556,0.098151029,274.776328600697,0.274776328600697,6917.62801773945,1073961.32973468,0.00211316662938086,0.633333333,0.0033365788884961,1.78745297598005,1.04534185444328,8.44681769150953e-07,82.3527144968981
"115",139,"A4","D2","D2-A4-139","APO","deep","apo_deep","2023.06.23","2023.10.10","","2023.11.27",9,"TL",8.136490251,3.09831777010017,0.337794537428443,0.020481804,0.018278766,1127.29148683313,1.12729148683313,9172.19619265308,60491.3770946273,NA,NA,NA,2.08935296123665,0.650873230125062,3.3859047328283e-07,NA
"116",141,"C4","S4","S4-C4-141","SYM","shade","sym_shade","2023.06.21","2023.10.09","","2023.11.28",8,"TL",6.245125348,1.25444042465286,0.197007387592115,0.833023045,0.108564674,1019.59188220844,1.01959188220844,6367.47910819494,291026.984843796,NA,NA,NA,2.88224799295093,0.41419205553413,2.86235671735771e-06,NA
"117",142,"D1","S4","S4-D1-142","SYM","shade","sym_shade","2023.06.21","2023.10.09","","2023.11.28",9.5,"HLE",9.144846797,5.73025457769172,0.718307689820623,1.861750708,0.176835931,872.342369969032,0.872342369969032,7977.43732789869,783672.231923122,NA,NA,NA,2.84313128225717,0.340229188474464,2.37567522767942e-06,NA
"118",143,"D3","S4","S4-D3-143","SYM","shade","sym_shade","2023.06.21","2023.10.09","","2023.11.28",7.5,"HLE",9.724233983,1.0243227639065,0.149492206535831,1.806202682,0.394099166,704.632826861843,0.704632826861843,6852.01448050729,420823.63579013,NA,NA,NA,1.85104554574353,0.571979505261418,4.29206567404112e-06,NA
"119",145,"C4","D2","D2-C4-145","SYM","deep","sym_deep","2023.06.21","2023.10.10","","2023.11.16",7.5,"TL",6.540389972,2.65273187104607,0.234014429466139,0.303298046,0.468922727,1733.19358984903,1.73319358984903,11335.7619745833,40613.0217253351,NA,NA,NA,3.36371379905235,0.389537766514242,7.46799999397231e-06,NA
"120",146,"C3","S1","S1-C3-146","SYM","shade","sym_shade","2023.06.21","2023.10.09","","2023.11.16",15,"TL",29.77715877,1.70475789028043,0.0855583953814195,0.531174755,0.294059284,669.139737609189,0.669139737609189,19925.080206105,282095.416318325,0.000503741814854151,0.242857143,0.00206534144090202,2.04855004707355,1.32146989146603,1.88296131122034e-06,323.985044001707
"121",147,"B4","S4","S4-B4-147","APO","shade","apo_shade","2023.06.21","2023.10.09","","2023.11.30",6,"HLE",8.025069638,0.592896944044915,0.0791041571587975,0.259106786,0.101980423,933.966060422593,0.933966060422593,7495.14267441982,178814.647714089,NA,NA,NA,2.11836167994135,0.557186931849485,1.44902439096763e-06,NA
"122",149,"B2","S4","S4-B2-149","APO","shade","apo_shade","2023.06.21","2023.10.09","","2023.11.28",13.5,"TL",19.37047354,1.55248791735705,0.16606020559504,0.530642035,0.128166717,482.639008085591,0.482639008085591,9348.94613549378,52705.8617277355,0.000836324417497952,0.4761904765,0.00153326143207958,1.96174863363717,1.20806016197455,1.00679889789329e-05,314.779331161407
"123",150,"C2","S2","S2-C2-150","SYM","shade","sym_shade","2023.06.21","2023.10.09","","2023.11.28",9.5,"TL",10.51532033,6.53737909166524,0.450262522619679,0.506681347,0.243929801,1380.75098691778,1.38075098691778,14519.0389234041,123094.205347903,NA,NA,NA,2.18728476909842,0.823453253264283,4.11620795282734e-06,NA
"124",151,"A4","G4","G4-A4-151","APO","control","apo_control","2023.06.21","2023.10.09","","2023.11.16",7,"TL",9.615598886,1.05043510759619,0.411904277945605,0.535419935,0.058311501,265.214086515919,0.265214086515919,2550.19227485398,52323.8340081483,NA,NA,NA,1.24797219000801,0.779075533028483,1.02328115886275e-05,NA
"125",152,"B2","G1","G1-B2-152","APO","control","apo_control","2023.06.21","2023.10.09","","2023.12.4",8,"TL",15.29247911,3.13166235188952,0.250937832292172,1.126004481,0.27533796,816.076540276408,0.816076540276408,12479.833444338,394638.43348026,0.00109857923487463,0.3450226245,0.0031387978139275,2.02714025482818,1.10451214809101,2.85325600720114e-06,259.996530090376
"126",153,"B2","G2","G2-B2-153","APO","control","apo_control","2023.06.21","2023.10.09","","2023.12.2",8.5,"TL",10.88300836,3.14398450886524,0.261228089598123,0.908733107,0.288884966,1105.8890562369,1.1058890562369,12035.3998442587,620433.916491083,NA,NA,NA,2.38904530254353,0.616357225497218,1.46467348551707e-06,NA
"127",154,"A1","G4","G4-A1-154","APO","control","apo_control","2023.06.21","2023.10.09","","2023.11.16",8.5,"TL",6.593314763,1.45893508495561,0.291884488913878,0.051180629,-0.102909162,758.090653849291,0.758090653849291,4998.33029971685,10474.6250531768,NA,NA,NA,1.51668779050523,0.488154922593797,4.88615379931692e-06,NA
"128",155,"B3","G4","G4-B3-155","APO","control","apo_control","2023.06.23","2023.10.09","","2023.11.17",10,"TL",11.86908078,1.40622105433015,0.173230166249625,0.435087049,0.126104964,683.932100981488,0.683932100981488,8117.6453545844,309979.07379648,NA,NA,NA,1.60079793474959,0.340229188474464,1.40360135821833e-06,NA
"129",156,"C1","S4","S4-C1-156","SYM","shade","sym_shade","2023.06.23","2023.10.09","","2023.11.16",6.5,"TL",14.69637883,2.65843058393574,0.315669743984348,0.303286446,0.082055077,573.036160556778,0.573036160556778,8421.55649883112,89747.1648497237,0.000884571645190777,0.4426406925,0.00200200677597803,2.24545109933043,0.705112665968817,3.37934291860735e-06,286.230879651661
"130",157,"C2","G2","G2-C2-157","SYM","control","sym_control","2023.06.21","2023.10.09","","2023.12.2",10,"TL",10.30640669,3.19983108538242,0.320785373675924,2.543280517,0.67057804,967.843681593442,0.967843681593442,9974.99059484888,831198.197846392,NA,NA,NA,1.64945945869714,0.448708060161975,3.05977626466174e-06,NA
"131",158,"C1","S2","S2-C1-158","SYM","shade","sym_shade","2023.06.21","2023.10.09","","2023.11.16",10.5,"TL",20.95821727,2.43941749213788,0.203800376074594,0.319418866,0.111835013,571.119270578168,0.571119270578167,11969.6417598612,148576.866528496,0.00135269138757239,0.6654411765,0.00205408692186919,1.86084529507313,0.779075533028483,2.14985598675779e-06,278.040458997936
"132",160,"A1","S2","S2-A1-160","APO","shade","apo_shade","2023.06.23","2023.10.09","","2023.12.4",6,"TL",5.866295265,2.07363665389108,0.692784588105304,0.229446344,0.110461538,510.235327605806,0.510235327605806,2993.19108636967,60728.2763493835,NA,NA,NA,1.36372269696861,0.438846344554019,3.7782456179053e-06,NA
"133",161,"A1","D4","D4-A1-161","APO","deep","apo_deep","2023.06.21","2023.10.10","","2023.11.28",11,"TL",18.79665738,1.94737111406582,0.105924858577125,0.196923311,0.09480409,978.070602240461,0.978070602240461,18384.4580037642,9692.54779277144,0.000643731476048217,0.313988095,0.00216527860125309,2.39404267951816,0.971378987383615,2.03169811705094e-05,451.706584859072
"134",162,"C1","G4","G4-C1-162","SYM","control","sym_control","2023.06.21","2023.10.09","","2023.11.16",10.5,"TL",17.68523677,2.92086018468349,0.228773860087175,1.214138396,0.399258862,721.927341509853,0.721927341509853,12767.4559653384,482393.880893459,0.000415600882000518,0.1833333335,0.0022561190737171,2.43140652054725,0.936862982755771,2.51690256466614e-06,319.986365046075
"135",163,"A4","D4","D4-A4-163","APO","deep","apo_deep","2023.06.21","2023.10.10","","2023.12.2",11.5,"TL",25.39275766,2.60970833492665,0.275082773981885,0.256132907,0.2129239,373.610187121766,0.373610187121766,9486.99294089025,12076.9343295107,0.00104163558579009,0.5227272725,0.00199269416412018,0.866388767008774,1.20312930417057,2.12084375067043e-05,187.489979068977
"136",166,"D3","D5","D5-D3-166","SYM","deep","sym_deep","2023.06.21","2023.10.10","","2023.11.28",7,"TL",6.941504178,3.38212814796415,0.511997769283621,0.287006718,0.360739537,951.630604833339,0.951630604833339,6605.74781936329,24580.4073043374,NA,NA,NA,2.44903691823435,0.61142636769324,1.16762393090759e-05,NA
"137",167,"A2","D5","D5-A2-167","APO","deep","apo_deep","2023.06.21","2023.10.10","","2023.12.4",9,"TL",11.82451253,5.93842508242806,0.697645133560167,0.037060724,-0.045877155,719.868991969537,0.719868991969537,8512.09991550226,2140.68021288654,NA,NA,NA,1.35312131975051,0.641011514517107,1.73125924072641e-05,NA
"138",168,"C3","D5","D5-C3-168","SYM","deep","sym_deep","2023.06.21","2023.10.10","","2023.12.2",11,"TL",12.16155989,NA,0.96165681539146,0.176096517,0.146730766,1220.55836371086,1.22055836371086,14843.89363951,217400.448282461,NA,NA,NA,2.13788364610849,0.744559528400639,8.10009907482821e-07,NA
"139",169,"C2","S5","S5-C2-169","SYM","shade","sym_shade","2023.06.21","2023.10.09","","2023.11.28",12.5,"TL",15.7632312,NA,0.875329447713139,0.965842058,0.368420657,1575.12466254904,1.57512466254904,24829.0542245825,705756.317270789,NA,NA,NA,3.29881604477133,0.433915486750041,1.36852059891576e-06,NA
"140",170,"B4","G1","G1-B4-170","APO","control","apo_control","2023.06.23","2023.10.09","sample too small",NA,NA,NA,NA,NA,NA,NA,NA,NA,NA,NA,NA,NA,NA,NA,NA,0.936862982755771,NA,NA
"141",171,"B1","S5","S5-B1-171","APO","shade","apo_shade","2023.06.23","2023.10.09","","2023.12.2",6.5,"TL",6.292479109,1.08059318819802,0.156714121708005,0.152467729,0.159879355,1095.80255849804,1.09580255849804,6895.31470693765,2905.25398389527,NA,NA,NA,1.90703851250561,0.537463500633574,5.24799999742454e-05,NA
"142",172,"C3","G2","G2-C3-172","SYM","control","sym_control","2023.06.21","2023.10.09","","2023.12.2",9.5,"TL",5.977715877,1.22060649961743,0.184549551099747,NA,0.69453577,1106.43884856177,1.10643884856177,6613.97707197726,NA,NA,NA,NA,2.50931966467566,0.399399482122197,NA,NA
"143",173,"C1","S1","S1-C1-173","SYM","shade","sym_shade","2023.06.21","2023.10.09","","2023.11.28",8.5,"TL",8.601671309,3.44202046139348,0.297753078572914,0.449613689,0.344306635,1343.92286871546,1.34392286871546,11559.9827813387,63408.2199960752,NA,NA,NA,1.51133419692496,0.813591537656328,7.09077922433132e-06,NA
"144",174,"D3","S2","S2-D3-174","SYM","shade","sym_shade","2023.06.21","2023.10.09","","2023.11.16",10.5,"TL",12.92200557,1.06588981046364,0.137081767338762,0.53007832,0.323218983,601.731423389156,0.601731423389156,7775.5768046787,104279.47831708,NA,NA,NA,2.3216210392022,0.882623546912016,5.08324675722105e-06,NA
"145",176,"A1","G1","G1-A1-176","APO","control","apo_control","2023.06.21","2023.10.09","","2023.12.2",10,"TL",13.71866295,5.88350323710726,0.243698757043067,0.763297174,0.067900203,1759.83072758877,1.75983072758877,24142.5246008436,612304.568646028,NA,NA,NA,2.47837563499583,0.897416120323949,1.24659722152304e-06,NA
"146",177,"D3","G2","G2-D3-177","SYM","control","sym_control","2023.06.21","2023.10.09","","2023.11.28",9,"HLE",11.90807799,0.780110519439377,0.0574892682049802,1.224101825,0.203930895,1139.53503851198,1.13953503851198,13569.6721109384,1314128.94785718,NA,NA,NA,2.6032748547694,0.862900115696105,9.31492930732575e-07,NA
"147",178,"B4","S2","S2-B4-178","APO","shade","apo_shade","2023.06.23","2023.10.09","","2023.11.28",9,"TL",5.576601671,2.90412239831707,0.417306238921159,1.412405882,0.274643069,1247.93054297921,1.24793054297921,6959.21155126977,NA,NA,NA,NA,3.40709290728181,0.488154922593797,NA,NA
"148",179,"D4","S5","S5-D4-179","SYM","shade","sym_shade","2023.06.21","2023.10.09","","2023.11.17",11.5,"TL",17.19498607,NA,NA,0.665622813,0.193199488,730.648153559522,0.730648153559522,12563.4848225272,465930.395897669,NA,NA,NA,1.51206868642726,0.739628670596661,1.42858851635468e-06,NA
"149",180,"A3","D5","D5-A3-180","APO","deep","apo_deep","2023.06.21","2023.10.10","",NA,NA,NA,NA,NA,NA,NA,NA,NA,NA,NA,NA,NA,NA,NA,NA,NA,NA,NA
"150",181,"D2","S4","S4-D2-181","SYM","shade","sym_shade","2023.06.21","2023.10.09","","2023.11.16",11.5,"TL",15.96935933,4.74990316145293,0.367424378534754,1.393083699,0.106165029,809.523189682705,0.809523189682705,12927.5667020109,411823.816102959,NA,NA,NA,2.19169719189981,1.00096413420748,3.38271766840148e-06,NA
"151",182,"A3","S4","S4-A3-182","APO","shade","apo_shade","2023.06.21","2023.10.09","","2023.12.4",8.5,"TL",14.04735376,1.84867440749253,0.193564832650422,0.223119129,0.240964423,679.891251667826,0.679891251667826,9550.67293050714,34793.0299435984,0.00101898195521773,0.444444444,0.0022927093992399,2.34919690667775,0.690320092556884,6.41275362800221e-06,296.544887848948
"152",183,"A1","D1","D1-A1-183",NA,"deep",NA,NA,"2023.10.10","","2023.11.27",12.5,"TL",7.941504178,NA,NA,0.057451333,0.087554257,1534.35967077222,1.53435967077222,12185.1237359923,65419.7540359211,NA,NA,NA,1.76289021402061,0.680458376948928,8.78195490745108e-07,NA
"153",184,"C2","D1","D1-C2-184","SYM","deep","sym_deep","2023.06.21","2023.10.10","","2023.11.28",10,"TL",6.426183844,4.76418269141298,0.31302366405503,0.085613278,0.112275033,2368.41656704474,2.36841656704474,15219.8802790048,33554.1287386798,NA,NA,NA,2.33420026008207,0.522670927221641,2.55149757178194e-06,NA
"154",185,"C3","D4","D4-C3-185","SYM","deep","sym_deep","2023.06.21","2023.10.10","","2023.12.4",11,"TL",10.09470752,2.37756780572422,0.180656987065545,0.297509858,0.052004974,1303.7202404771,1.3037202404771,13160.6745155204,124405.123299699,NA,NA,NA,1.68405077277563,0.660734945733017,2.39145985397468e-06,NA
"155",186,"B2","G5","G5-B2-186","APO","control","apo_control","2023.06.21","2023.10.09","","2023.11.17",11.5,"TL",10.35097493,6.20771702879692,0.441063645253674,0.469094702,0.149735895,1359.7197092607,1.3597197092607,14074.4246223844,173594.759155696,0.00188871097961398,0.3861283645,0.00488842841782441,3.28471474715474,0.76428295961655,2.7022400001101e-06,278.150684236846
"156",187,"D3","S5","S5-D3-187","SYM","shade","sym_shade","2023.06.21","2023.10.09","","2023.11.28",10.5,"TL",19.25348189,0.471166484377883,0.0304763311465996,0.558349007,0.152590582,802.975742109994,0.802975742109994,15460.0789088241,648973.524445453,0.00174513888926508,0.5242456895,0.00332667100766157,2.07754629674415,0.867830973500083,8.60357142422888e-07,241.375158607714
"157",188,"A3","D2","D2-A3-188","APO","deep","apo_deep","2023.06.21","2023.10.10","","2023.11.17",6.5,"TL",6.60724234,1.27343998101041,0.15023300955382,NA,-0.118372001,1282.90021343497,1.28290021343497,8476.43260820257,2459.42242826831,NA,NA,NA,1.66483979759701,0.621288083301196,NA,NA
"158",189,"D2","G4","G4-D2-189","SYM","control","sym_control","2023.06.21","2023.10.09","","2023.11.17",10,"TL",10.41225627,5.57333007384258,0.573909632665192,2.186125601,0.467718031,932.666551238051,0.932666551238051,9711.16314594767,1216114.90071402,NA,NA,NA,2.68913857610998,0.754421244008595,1.7976307992908e-06,NA
"159",190,"A3","G1","G1-A3-190","APO","control","apo_control","2023.06.21","2023.10.09","","2023.11.30",8,"HLE",11.86629526,4.26446868729096,0.413619834984295,0.61462036,0.152229484,868.857236287456,0.868857236287456,10310.1165045745,373326.291225287,NA,NA,NA,1.34835680803715,0.616357225497218,1.64633559019582e-06,NA
"160",192,"B3","S4","S4-B3-192","APO","shade","apo_shade","2023.06.21","2023.10.09","","2023.11.28",6.5,"HLE",14.60445682,4.2275022163638,0.365490836653156,0.18320549,0.081425486,791.99409192285,0.79199409192285,11566.6435171824,45897.8042293257,NA,NA,NA,1.98569521327805,0.621288083301196,3.99159596142387e-06,NA
"161",193,"A4","G2","G2-A4-193","APO","control","apo_control","2023.06.21","2023.10.09","","2023.12.4",7,"TL",4.855153203,0.90883431567101,0.252512179813103,0.068664157,-0.021806727,741.309297811908,0.741309297811908,3599.17021168517,27934.2369497624,NA,NA,NA,2.26563396458903,0.557186931849485,2.45806452932605e-06,NA
"162",194,"D2","D2","D2-D2-194","SYM","deep","sym_deep","2023.06.23","2023.10.10","","2023.11.17",14,"TL",12.58495822,0.43942092327027,0.0222751257802243,0.112402704,0.138776782,1567.50447414602,1.56750447414602,19726.9783167907,68484.5340710237,0.000889951305694521,0.2315789475,0.00378229304920172,2.46325807826162,1.02561842322737,1.64128595638002e-06,414.432317579637
"163",195,"D1","S2","S2-D1-195","SYM","shade","sym_shade","2023.06.21","2023.10.09","","2023.11.16",8,"TL",8.108635097,0.812106522258009,0.145478093014786,0.466186145,0.006684232,688.442450978005,0.688442450978005,5582.32862026495,351066.071212552,NA,NA,NA,2.58983167312209,0.537463500633574,1.32791569230781e-06,NA
"164",196,"D1","D2","D2-D1-196","SYM","deep","sym_deep","2023.06.21","2023.10.10","","2023.11.17",11.5,"TL",11.24791086,8.56503306960848,0.362161245255015,0.059521424,-0.064718685,2102.59294789652,2.10259294789652,23649.7780528047,91697.5839191528,NA,NA,NA,2.66716196219926,0.798798964244394,6.49105695658005e-07,NA
"165",198,"A1","S4","S4-A1-198","APO","shade","apo_shade","2023.06.23","2023.10.09","","2023.11.16",6.5,"TL",5.818941504,1.9045749393055,0.325419916977247,0.936816286,0.127957121,1005.79609278713,1.00579609278713,5852.66862888009,432543.348746473,NA,NA,NA,2.92149353766729,0.389537766514242,2.16583213847798e-06,NA
"166",199,"A4","D5","D5-A4-199","APO","deep","apo_deep","2023.06.23","2023.10.10","","2023.12.2",10,"TL",11.75487465,NA,NA,0.064824171,-0.020587204,2097.8212983913,2.0978212983913,24659.6264006899,1063.38862575621,NA,NA,NA,1.78649289127043,0.650873230125062,6.09600003516132e-05,NA
"167",200,"A3","G2","G2-A3-200","APO","control","apo_control","2023.06.21","2023.10.09","","2023.12.2",10.5,"TL",20.8913649,NA,NA,0.713227095,0.178887905,516.194191050635,0.516194191050635,10784.0012044991,179051.250021486,0.00120624000014475,0.459770115,0.00251300000030156,1.38813333349991,1.02561842322737,3.98336842057463e-06,205.409546752364
"168",201,"D1","S5","S5-D1-201","SYM","shade","sym_shade","2023.06.21","2023.10.09","","2023.12.2",6,"TL",9.526462396,NA,NA,0.248266345,0.076381974,503.95798216309,0.50395798216309,4800.93676624072,45662.2806995647,NA,NA,NA,1.15467836251773,0.320505757258553,5.43701149387325e-06,NA
"169",202,"B4","G2","G2-B4-202","APO","control","apo_control","2023.06.23","2023.10.09","","2023.12.2",9,"TL",7.22005571,NA,NA,2.534689583,0.451835156,633.030825868554,0.633030825868554,4570.51782891827,705326.967580975,NA,NA,NA,2.07754629638446,0.428984628946064,3.59363770209028e-06,NA
"170",203,"D2","G2","G2-D2-203","SYM","control","sym_control","2023.06.21","2023.10.09","","2023.11.28",9,"HLE",14.79387187,NA,NA,0.736151097,0.243283167,792.69993081347,0.79269993081347,11727.1012078123,317868.103855627,0.000384483524663648,0.176470588,0.00217732046641012,1.89267557851304,0.542394358437552,2.31590111769866e-06,364.071317494407
"171",204,"A2","S5","S5-A2-204","APO","shade","apo_shade","2023.06.21","2023.10.09","",NA,NA,NA,NA,NA,NA,NA,NA,NA,NA,NA,NA,NA,NA,NA,NA,NA,NA,NA
"172",206,"D1","D1","D1-D1-206","SYM","deep","sym_deep","2023.06.21","2023.10.10","","2023.11.17",9,"TL",6.033426184,NA,NA,0.278597922,0.145477043,2149.12094178531,2.14912094178531,12966.5625627502,30299.9480601585,NA,NA,NA,1.82317636191039,0.384606908710264,9.19466665245969e-06,NA
"173",207,"D2","D4","D4-D2-207","SYM","deep","sym_deep","2023.06.21","2023.10.10","","2023.11.28",9.5,"TL",15.06406685,NA,NA,0.058050393,0.066343306,923.555355729199,0.923555355729199,13912.4996183802,62669.8294292288,NA,NA,NA,2.32340976367879,1.16861329954272,9.26289309045505e-07,NA
"174",208,"B4","S1","S1-B4-208","APO","shade","apo_shade","2023.06.23","2023.10.09","","2023.11.28",8.5,"TL",8.48189415,NA,NA,0.268263094,0.274058773,741.054334296996,0.741054334296996,6285.54442290583,24427.0320209077,NA,NA,NA,2.0042692940232,0.41419205553413,1.09822222270142e-05,NA
"175",209,"C1","D1","D1-C1-209","SYM","deep","sym_deep","2023.06.21","2023.10.10","","2023.11.17",10,"TL",10.63509749,NA,NA,0.253711826,0.172236315,1293.66714550843,1.29366714550843,13758.2762120921,138299.938894119,NA,NA,NA,1.88056574176266,0.862900115696105,1.83450425234272e-06,NA
"176",210,"A3","S1","S1-A3-210","APO","shade","apo_shade","2023.06.21","2023.10.09","","2023.11.28",10.5,"TL",14.62952646,NA,NA,0.505835751,0.128813978,804.928896168712,0.804928896168712,11775.7285849188,270343.678666821,0.00215317974140361,0.555555556,0.00387572353452649,2.11900228519085,0.601564652085285,1.87108407155843e-06,207.684807494158
"177",211,"C4","S1","S1-C4-211","SYM","shade","sym_shade","2023.06.23","2023.10.09","","2023.11.28",6,"HLE",5.632311978,NA,NA,1.285076187,0.594347404,1134.00454626499,1.13400454626499,6387.06738903476,216607.319439222,NA,NA,NA,1.9530168149361,0.552256074045507,5.93274590317148e-06,NA
"178",213,"C4","S5","S5-C4-213","SYM","shade","sym_shade","2023.06.21","2023.10.09","","2023.11.28",6,"HLE",14.37883008,NA,NA,0.62305834,0.176102644,1047.27212824255,1.04727212824255,15058.5479795196,274100.881509269,NA,NA,NA,2.22549399512759,0.453638917965952,2.27309863641913e-06,NA
"179",214,"B3","D4","D4-B3-214","APO","deep","apo_deep","2023.06.21","2023.10.10","","2023.12.2",10,"TL",14.71866295,NA,NA,0.093084769,0.137886166,641.502504686979,0.641502504686979,9442.05914806844,3397.04769175382,NA,NA,NA,2.17411052272245,0.562117789653463,2.74016668137922e-05,NA
"180",216,"A3","G4","G4-A3-216","APO","control","apo_control","2023.06.21","2023.10.09","","2023.11.27",7,"TL",11.4178273,NA,NA,0.62735593,0.185378964,429.740170307142,0.429740170307142,4906.69904843954,267965.458988857,0.000838994998636912,0.2866666665,0.00296851573503831,2.45230543993252,0.488154922593797,2.34118207759787e-06,144.766007211882
"181",217,"C4","D5","D5-C4-217","SYM","deep","sym_deep","2023.06.23","2023.10.10","","2023.11.28",9,"TL",9.072423398,NA,NA,0.110742186,0.075963717,2505.42636675189,2.50542636675189,22730.288791686,77191.3378904233,NA,NA,NA,2.86582744867613,0.700181808164839,1.43464524681777e-06,NA
"182",219,"D3","S1","S1-D3-219","SYM","shade","sym_shade","2023.06.21","2023.10.09","","2023.11.28",12.5,"HLE",32.92200557,NA,NA,0.336913709,0.020607417,699.484478151487,0.699484478151487,23028.4318858318,27210.7764355439,0.000379685252571324,0.245923913,0.00148077248502816,1.39724172946247,1.18833673075864,1.23816279112091e-05,472.378089965782
"183",220,"A2","G5","G5-A2-220","APO","control","apo_control","2023.06.23","2023.10.09","","2023.11.27",10,"TL",6.504178273,NA,NA,0.175733191,-0.055810278,1343.79436834837,1.34379436834837,8740.27813399124,21780.8708116264,NA,NA,NA,3.0749464668002,0.507878353809707,8.06823531161093e-06,NA
"184",221,"C2","G5","G5-C2-221","SYM","control","sym_control","2023.06.21","2023.10.09","","2023.11.17",11,"TL",16.53481894,NA,NA,3.063080613,NA,553.375859180968,0.553375859180968,9149.96963732424,1464686.93880962,0.00126399932626054,0.418972332,0.00299368261482759,1.39100404325322,0.345160046278442,2.09128690359554e-06,184.847871461096
"185",222,"C4","D1","D1-C4-222","SYM","deep","sym_deep","2023.06.23","2023.10.10","","2023.11.17",8.5,"TL",8.788300836,NA,NA,0.072152742,0.042097159,1128.08647685716,1.12808647685716,9913.9633276441,28713.5994441964,NA,NA,NA,1.93438985729323,0.571979505261418,2.51284211651088e-06,NA
"186",224,"B2","S1","S1-B2-224","APO","shade","apo_shade","2023.06.21","2023.10.09","","2023.11.16",10,"TL",16.12534819,NA,NA,0.16732972,0.113594446,487.702399413382,0.487702399413382,7864.37100363924,26937.4028319819,0.00136431162544714,0.45,0.00297667991006649,2.79063741568733,0.867830973500083,6.21179855547673e-06,163.841062575817
"187",225,"A2","D2","D2-A2-225","APO","deep","apo_deep","2023.06.21","2023.10.10","","2023.11.16",10,"TL",11.2005571,NA,NA,0.082659579,0.073768652,1251.44017274063,1.25144017274063,14016.8271120153,558.007958371999,NA,NA,NA,2.232031833488,0.650873230125062,NA,NA
"188",226,"B1","D1","D1-B1-226","APO","deep","apo_deep","2023.06.21","2023.10.10","","2023.11.30",4.5,"HLE",7.128133705,NA,NA,0.079807005,0.158535536,861.899567109656,0.861899567109656,6143.73535463925,1578.253223857,NA,NA,NA,1.68347010544747,0.493085780397774,5.0566666865387e-05,NA
"189",227,"A1","G2","G2-A1-227","APO","control","apo_control","2023.06.21","2023.10.09","",NA,NA,NA,NA,NA,NA,NA,NA,NA,NA,NA,NA,NA,NA,NA,NA,NA,NA,NA
"190",230,"A4","S2","S2-A4-230","APO","shade","apo_shade","2023.06.23","2023.10.09","","2023.11.28",5.5,"HLE",7.562674095,NA,NA,0.103130959,-0.000163633,682.458260833015,0.682458260833015,5161.2094101206,2045.40745848443,NA,NA,NA,1.32228360952529,0.517740069417663,5.04207406559552e-05,NA
"191",231,"C4","G1","G1-C4-231","SYM","control","sym_control","2023.06.21","2023.10.09","","2023.12.2",9,"TL",14.86908078,NA,NA,0.618735289,0.210350932,947.103111481132,0.947103111481132,14082.5526716023,413862.167476906,NA,NA,NA,2.28662420381309,0.562117789653463,1.49502742125982e-06,NA
"192",232,"B2","G4","G4-B2-232","APO","control","apo_control","2023.06.21","2023.10.09","","2023.11.16",10,"TL",13.74094708,NA,NA,1.652663862,0.518705149,716.715766536254,0.716715766536254,9848.3534193763,515339.296394408,0.00116440299979672,0.4920634925,0.00232880599959344,1.96493006215697,0.424053771142086,3.20694321889079e-06,307.76104435551
"193",233,"C2","S1","S1-C2-233","SYM","shade","sym_shade","2023.06.21","2023.10.09","","2023.12.4",7.5,"TL",17.11699164,NA,NA,0.245501668,0.128194986,1129.04046873486,1.12904046873486,19325.7762645562,155273.342179421,NA,NA,NA,2.04475183116932,0.690320092556884,1.58109347396103e-06,NA
"194",NA,"D4","D1","D1-D4-NA",NA,"deep",NA,NA,NA,NA,NA,NA,NA,NA,NA,NA,NA,NA,NA,NA,NA,NA,NA,NA,NA,NA,NA,NA,NA
"195",NA,"D4","D5","D5-D4-NA",NA,"deep",NA,NA,NA,NA,NA,NA,NA,NA,NA,NA,NA,NA,NA,NA,NA,NA,NA,NA,NA,NA,NA,NA,NA
"196",NA,"D1","G2","G2-D1-NA",NA,"control",NA,NA,NA,NA,NA,NA,NA,NA,NA,NA,NA,NA,NA,NA,NA,NA,NA,NA,NA,NA,NA,NA,NA
"197",NA,"D4","G5","G5-D4-NA",NA,"control",NA,NA,NA,NA,NA,NA,NA,NA,NA,NA,NA,NA,NA,NA,NA,NA,NA,NA,NA,NA,NA,NA,NA
"198",NA,NA,NA,"55PA5T",NA,NA,NA,NA,NA,NA,NA,NA,NA,NA,NA,NA,NA,NA,NA,NA,NA,NA,NA,NA,NA,NA,NA,NA,NA
